split,model,examples,static_alpha,accuracy,macro_f1,onehot_score_mse,differing_from_reference,bank_models,bank_disagreement_examples,minimum_bank_label_margin,strict_label_agreement
validation,R_isotropic,54,1.0,0.8518518518518519,0.8126984126984127,0.04715011316819896,0,7,0,0.014705717356136239,True
validation,whitened_R_isotropic,54,1.0,0.8518518518518519,0.8126984126984127,0.047126408343490175,0,7,0,0.014705717356136239,True
validation,source_static_score_mixture,54,1.0,0.8518518518518519,0.8126984126984127,0.047126408343490175,0,7,0,0.014705717356136239,True
calibration,R_isotropic,54,1.0,0.8333333333333334,0.7856328856328856,0.04794940927978202,0,7,0,0.01318822986206375,True
calibration,whitened_R_isotropic,54,1.0,0.8333333333333334,0.7856328856328856,0.048049943275207986,0,7,0,0.01318822986206375,True
calibration,source_static_score_mixture,54,1.0,0.8333333333333334,0.7856328856328856,0.048049943275207986,0,7,0,0.01318822986206375,True
test,R_isotropic,370,1.0,0.8594594594594595,0.8523978638389269,0.04511299810940188,0,7,0,0.0007046712397534294,True
test,whitened_R_isotropic,370,1.0,0.8594594594594595,0.8523978638389269,0.045166690150547334,0,7,0,0.0007046712397534294,True
test,source_static_score_mixture,370,1.0,0.8594594594594595,0.8523978638389269,0.045166690150547334,0,7,0,0.0007046712397534294,True
